code,category,value,areaName,
E06000001,N/A,0,Hartlepool,
E06000001,straight,68070,Hartlepool,
E06000001,allOther,2062,Hartlepool,
E06000001,noAnswer,4554,Hartlepool,
E06000002,N/A,0,Middlesbrough,
E06000002,straight,102027,Middlesbrough,
E06000002,allOther,3613,Middlesbrough,
E06000002,noAnswer,8298,Middlesbrough,
E06000003,N/A,0,Redcar and Cleveland,
E06000003,straight,102561,Redcar and Cleveland,
E06000003,allOther,2735,Redcar and Cleveland,
E06000003,noAnswer,7046,Redcar and Cleveland,
E06000004,N/A,0,Stockton-on-Tees,
E06000004,straight,144661,Stockton-on-Tees,
E06000004,allOther,4081,Stockton-on-Tees,
E06000004,noAnswer,9268,Stockton-on-Tees,
E06000005,N/A,0,Darlington,
E06000005,straight,80549,Darlington,
E06000005,allOther,2547,Darlington,
E06000005,noAnswer,5010,Darlington,
E06000006,N/A,0,Halton,
E06000006,straight,95532,Halton,
E06000006,allOther,2738,Halton,
E06000006,noAnswer,5676,Halton,
E06000011,N/A,0,East Riding of Yorkshire,
E06000011,straight,262847,East Riding of Yorkshire,
E06000011,allOther,5779,East Riding of Yorkshire,
E06000011,noAnswer,19514,East Riding of Yorkshire,
E06000012,N/A,0,North East Lincolnshire,
E06000012,straight,115780,North East Lincolnshire,
E06000012,allOther,3264,North East Lincolnshire,
E06000012,noAnswer,8480,North East Lincolnshire,
E06000014,N/A,0,York,
E06000014,straight,148921,York,
E06000014,allOther,9552,York,
E06000014,noAnswer,13610,York,
E06000015,N/A,0,Derby,
E06000015,straight,184221,Derby,
E06000015,allOther,6716,Derby,
E06000015,noAnswer,18235,Derby,
E06000017,N/A,0,Rutland,
E06000017,straight,31470,Rutland,
E06000017,allOther,745,Rutland,
E06000017,noAnswer,2083,Rutland,       
E06000018,N/A,0,Nottingham,
E06000018,straight,225477,Nottingham,
E06000018,allOther,12929,Nottingham,
E06000018,noAnswer,25917,Nottingham,
E06000019,N/A,0,Herefordshire,
E06000019,straight,140948,Herefordshire,
E06000019,allOther,3430,Herefordshire,
E06000019,noAnswer,12757,Herefordshire,
E06000020,N/A,0,Telford and Wrekin,
E06000020,straight,134069,Telford and Wrekin,
E06000020,allOther,4110,Telford and Wrekin,
E06000020,noAnswer,10497,Telford and Wrekin,
E06000021,N/A,0,Stoke-on-Trent,
E06000021,straight,183110,Stoke-on-Trent,
E06000021,allOther,6415,Stoke-on-Trent,
E06000021,noAnswer,16377,Stoke-on-Trent,
E06000023,N/A,0,Bristol,
E06000023,straight,333008,Bristol,
E06000023,allOther,17749,Bristol,
E06000023,noAnswer,33051,Bristol,
E06000024,N/A,0,North Somerset,
E06000024,straight,161781,North Somerset,
E06000024,allOther,3707,North Somerset,
E06000024,noAnswer,12080,North Somerset,
E06000026,N/A,0,Plymouth,
E06000026,straight,194465,Plymouth,
E06000026,allOther,6360,Plymouth,
E06000026,noAnswer,14429,Plymouth,
E06000027,N/A,0,Torbay,
E06000027,straight,104729,Torbay,
E06000027,allOther,3677,Torbay,
E06000027,noAnswer,8626,Torbay,
E06000031,N/A,0,Peterborough,
E06000031,straight,149442,Peterborough,
E06000031,allOther,3566,Peterborough,
E06000031,noAnswer,13565,Peterborough,
E06000032,N/A,0,Luton,
E06000032,straight,151740,Luton,
E06000032,allOther,3926,Luton,
E06000032,noAnswer,17032,Luton,
E06000035,N/A,0,Medway,
E06000035,straight,201694,Medway,
E06000035,allOther,6171,Medway,
E06000035,noAnswer,14881,Medway,
E06000036,N/A,0,Bracknell Forest,
E06000036,straight,91303,Bracknell Forest,
E06000036,allOther,2616,Bracknell Forest,
E06000036,noAnswer,6014,Bracknell Forest,
E06000037,N/A,0,West Berkshire,
E06000037,straight,119258,West Berkshire,
E06000037,allOther,3019,West Berkshire,
E06000037,noAnswer,8459,West Berkshire,
E06000038,N/A,0,Reading,
E06000038,straight,122731,Reading,
E06000038,allOther,5891,Reading,
E06000038,noAnswer,12738,Reading,
E06000039,N/A,0,Slough,
E06000039,straight,104943,Slough,
E06000039,allOther,2514,Slough,
E06000039,noAnswer,11677,Slough,
E06000040,N/A,0,Windsor and Maidenhead,
E06000040,straight,112211,Windsor and Maidenhead,
E06000040,allOther,2853,Windsor and Maidenhead,
E06000040,noAnswer,8613,Windsor and Maidenhead,
E06000041,N/A,0,Wokingham,
E06000041,straight,128426,Wokingham,
E06000041,allOther,3142,Wokingham,
E06000041,noAnswer,9253,Wokingham,
E06000042,N/A,0,Milton Keynes,
E06000042,straight,202083,Milton Keynes,
E06000042,allOther,6339,Milton Keynes,
E06000042,noAnswer,16408,Milton Keynes,
E06000043,N/A,0,Brighton and Hove,
E06000043,straight,189745,Brighton and Hove,
E06000043,allOther,25247,Brighton and Hove,
E06000043,noAnswer,20375,Brighton and Hove,
E06000044,N/A,0,Portsmouth,
E06000044,straight,149768,Portsmouth,
E06000044,allOther,7936,Portsmouth,
E06000044,noAnswer,13114,Portsmouth,
E06000045,N/A,0,Southampton,
E06000045,straight,177317,Southampton,
E06000045,allOther,10082,Southampton,
E06000045,noAnswer,16969,Southampton,
E06000047,N/A,0,County Durham,
E06000047,straight,396553,County Durham,
E06000047,allOther,12370,County Durham,
E06000047,noAnswer,25035,County Durham,
E06000050,N/A,0,Cheshire West and Chester,
E06000050,straight,269319,Cheshire West and Chester,
E06000050,allOther,8313,Cheshire West and Chester,
E06000050,noAnswer,17726,Cheshire West and Chester,
E06000051,N/A,0,Shropshire,
E06000051,straight,246550,Shropshire,
E06000051,allOther,5738,Shropshire,
E06000051,noAnswer,19378,Shropshire,
E06000053,N/A,0,Isles of Scilly,
E06000053,straight,1565,Isles of Scilly,
E06000053,allOther,47,Isles of Scilly,
E06000053,noAnswer,118,Isles of Scilly,
E06000054,N/A,0,Wiltshire,
E06000054,straight,381141,Wiltshire,
E06000054,allOther,10453,Wiltshire,
E06000054,noAnswer,27520,Wiltshire,
E06000055,N/A,0,Bedford,
E06000055,straight,133369,Bedford,
E06000055,allOther,4004,Bedford,
E06000055,noAnswer,10745,Bedford,
E06000056,N/A,0,Central Bedfordshire,
E06000056,straight,216745,Central Bedfordshire,
E06000056,allOther,5460,Central Bedfordshire,
E06000056,noAnswer,14555,Central Bedfordshire,
E06000057,N/A,0,Northumberland,
E06000057,straight,247647,Northumberland,
E06000057,allOther,6029,Northumberland,
E06000057,noAnswer,15171,Northumberland,
E06000058,N/A,0,Bournemouth Christchurch and Poole,
E06000058,straight,296257,Bournemouth Christchurch and Poole,
E06000058,allOther,13072,Bournemouth Christchurch and Poole,
E06000058,noAnswer,25580,Bournemouth Christchurch and Poole,
E06000059,N/A,0,Dorset,
E06000059,straight,291721,Dorset,
E06000059,allOther,7078,Dorset,
E06000059,noAnswer,23103,Dorset,
E06000060,N/A,0,Buckinghamshire,
E06000060,straight,402282,Buckinghamshire,
E06000060,allOther,9684,Buckinghamshire,
E06000060,noAnswer,31429,Buckinghamshire,
E06000061,N/A,0,North Northamptonshire,
E06000061,straight,261791,North Northamptonshire,
E06000061,allOther,7115,North Northamptonshire,
E06000061,noAnswer,20283,North Northamptonshire,
E06000062,N/A,0,West Northamptonshire,
E06000062,straight,308571,West Northamptonshire,
E06000062,allOther,9432,West Northamptonshire,
E06000062,noAnswer,25499,West Northamptonshire,
E07000008,N/A,0,Cambridge,
E07000008,straight,100519,Cambridge,
E07000008,allOther,9389,Cambridge,
E07000008,noAnswer,14860,Cambridge,
E07000009,N/A,0,East Cambridgeshire,
E07000009,straight,64637,East Cambridgeshire,
E07000009,allOther,1829,East Cambridgeshire,
E07000009,noAnswer,4943,East Cambridgeshire,
E07000010,N/A,0,Fenland,
E07000010,straight,76361,Fenland,
E07000010,allOther,2077,Fenland,
E07000010,noAnswer,6394,Fenland,
E07000012,N/A,0,South Cambridgeshire,
E07000012,straight,117371,South Cambridgeshire,
E07000012,allOther,3554,South Cambridgeshire,
E07000012,noAnswer,9436,South Cambridgeshire,
E07000026,N/A,0,Allerdale,
E07000026,straight,73905,Allerdale,
E07000026,allOther,1636,Allerdale,
E07000026,noAnswer,4972,Allerdale,
E07000027,N/A,0,Barrow-in-Furness,
E07000027,straight,50884,Barrow-in-Furness,
E07000027,allOther,1380,Barrow-in-Furness,
E07000027,noAnswer,3570,Barrow-in-Furness,
E07000028,N/A,0,Carlisle,
E07000028,straight,82928,Carlisle,
E07000028,allOther,2501,Carlisle,
E07000028,noAnswer,5914,Carlisle,
E07000029,N/A,0,Copeland,
E07000029,straight,51294,Copeland,
E07000029,allOther,1228,Copeland,
E07000029,noAnswer,3484,Copeland,
E07000030,N/A,0,Eden,
E07000030,straight,42425,Eden,
E07000030,allOther,931,Eden,
E07000030,noAnswer,3277,Eden,
E07000031,N/A,0,South Lakeland,
E07000031,straight,81419,South Lakeland,
E07000031,allOther,2036,South Lakeland,
E07000031,noAnswer,6248,South Lakeland,
E07000032,N/A,0,Amber Valley,
E07000032,straight,95350,Amber Valley,
E07000032,allOther,2597,Amber Valley,
E07000032,noAnswer,7116,Amber Valley,
E07000033,N/A,0,Bolsover,
E07000033,straight,60335,Bolsover,
E07000033,allOther,1688,Bolsover,
E07000033,noAnswer,4255,Bolsover,
E07000034,N/A,0,Chesterfield,
E07000034,straight,77927,Chesterfield,
E07000034,allOther,2470,Chesterfield,
E07000034,noAnswer,5606,Chesterfield,
E07000035,N/A,0,Derbyshire Dales,
E07000035,straight,55628,Derbyshire Dales,
E07000035,allOther,1265,Derbyshire Dales,
E07000035,noAnswer,4167,Derbyshire Dales,
E07000036,N/A,0,Erewash,
E07000036,straight,84981,Erewash,
E07000036,allOther,2604,Erewash,
E07000036,noAnswer,5942,Erewash,
E07000037,N/A,0,High Peak,
E07000037,straight,68820,High Peak,
E07000037,allOther,2139,High Peak,
E07000038,N/A,0,North East Derbyshire,
E07000038,straight,78429,North East Derbyshire,
E07000038,allOther,1787,North East Derbyshire,
E07000038,noAnswer,5056,North East Derbyshire,
E07000041,N/A,0,Exeter,
E07000041,straight,95950,Exeter,
E07000041,allOther,5901,Exeter,
E07000041,noAnswer,9486,Exeter,
E07000042,N/A,0,Mid Devon,
E07000042,straight,61506,Mid Devon,
E07000042,allOther,1674,Mid Devon,
E07000042,noAnswer,5025,Mid Devon,
E07000043,N/A,0,North Devon,
E07000043,straight,74190,North Devon,
E07000043,allOther,1924,North Devon,
E07000043,noAnswer,6079,North Devon,
E07000045,N/A,0,Teignbridge,
E07000045,straight,102424,Teignbridge,
E07000045,allOther,2870,Teignbridge,
E07000045,noAnswer,8167,Teignbridge,
E07000046,N/A,0,Torridge,
E07000046,straight,51744,Torridge,
E07000046,allOther,1348,Torridge,
E07000046,noAnswer,4466,Torridge,
E07000047,N/A,0,West Devon,
E07000047,straight,43550,West Devon,
E07000047,allOther,1138,West Devon,
E07000047,noAnswer,3675,West Devon,
E07000061,N/A,0,Eastbourne,
E07000061,straight,74493,Eastbourne,
E07000061,allOther,3278,Eastbourne,
E07000061,noAnswer,6805,Eastbourne,
E07000062,N/A,0,Hastings,
E07000062,straight,65010,Hastings,
E07000062,allOther,3460,Hastings,
E07000062,noAnswer,6234,Hastings,
E07000063,N/A,0,Lewes,
E07000063,straight,73994,Lewes,
E07000063,allOther,2367,Lewes,
E07000063,noAnswer,5861,Lewes,
E07000067,N/A,0,Braintree,
E07000067,straight,115511,Braintree,
E07000067,allOther,2792,Braintree,
E07000067,noAnswer,8266,Braintree,
E07000068,N/A,0,Brentwood,
E07000068,straight,57812,Brentwood,
E07000068,allOther,1104,Brentwood,
E07000068,noAnswer,3949,Brentwood,
E07000069,N/A,0,Castle Point,
E07000069,straight,68673,Castle Point,
E07000069,allOther,1176,Castle Point,
E07000069,noAnswer,4563,Castle Point,
E07000070,N/A,0,Chelmsford,
E07000070,straight,134772,Chelmsford,
E07000070,allOther,3379,Chelmsford,
E07000070,noAnswer,9587,Chelmsford,
E07000071,N/A,0,Colchester,
E07000071,straight,139850,Colchester,
E07000071,allOther,4334,Colchester,
E07000071,noAnswer,11159,Colchester,
E07000072,N/A,0,Epping Forest,
E07000072,straight,100420,Epping Forest,
E07000072,allOther,2130,Epping Forest,
E07000072,noAnswer,7382,Epping Forest,
E07000074,N/A,0,Maldon,
E07000074,straight,51146,Maldon,
E07000074,allOther,1051,Maldon,
E07000074,noAnswer,3232,Maldon,
E07000076,N/A,0,Tendring,
E07000076,straight,112894,Tendring,
E07000076,allOther,1642,Tendring,
E07000076,noAnswer,9355,Tendring,
E07000079,N/A,0,Cotswold,
E07000079,straight,69820,Cotswold,
E07000079,allOther,1669,Cotswold,
E07000079,noAnswer,4826,Cotswold,
E07000080,N/A,0,Forest of Dean,
E07000080,straight,66188,Forest of Dean,
E07000080,allOther,1662,Forest of Dean,
E07000080,noAnswer,5197,Forest of Dean,
E07000082,N/A,0,Stroud,
E07000082,straight,90493,Stroud,
E07000082,allOther,2713,Stroud,
E07000082,noAnswer,6989,Stroud,
E07000084,N/A,0,Basingstoke and Deane,
E07000084,straight,136562,Basingstoke and Deane,
E07000084,allOther,4163,Basingstoke and Deane,
E07000084,noAnswer,9082,Basingstoke and Deane,
E07000085,N/A,0,East Hampshire,
E07000085,straight,94943,East Hampshire,
E07000085,allOther,2145,East Hampshire,
E07000085,noAnswer,6552,East Hampshire,
E07000086,N/A,0,Eastleigh,
E07000086,straight,101243,Eastleigh,
E07000086,allOther,2793,Eastleigh,
E07000086,noAnswer,6296,Eastleigh,
E07000087,N/A,0,Fareham,
E07000087,straight,87856,Fareham,
E07000087,allOther,2275,Fareham,
E07000087,noAnswer,5507,Fareham,
E07000088,N/A,0,Gosport,
E07000088,straight,61143,Gosport,
E07000088,allOther,2121,Gosport,
E07000088,noAnswer,3947,Gosport,
E07000089,N/A,0,Hart,
E07000089,straight,74226,Hart,
E07000089,allOther,1697,Hart,
E07000089,noAnswer,4405,Hart,
E07000091,N/A,0,New Forest,
E07000091,straight,135869,New Forest,
E07000091,allOther,2890,New Forest,
E07000091,noAnswer,9984,New Forest,
E07000092,N/A,0,Rushmoor,
E07000092,straight,72859,Rushmoor,
E07000092,allOther,2621,Rushmoor,
E07000092,noAnswer,5391,Rushmoor,
E07000093,N/A,0,Test Valley,
E07000093,straight,97662,Test Valley,
E07000093,allOther,2541,Test Valley,
E07000093,noAnswer,6548,Test Valley,
E07000094,N/A,0,Winchester,
E07000094,straight,94375,Winchester,
E07000094,allOther,2495,Winchester,
E07000094,noAnswer,6880,Winchester,
E07000095,N/A,0,Broxbourne,
E07000095,straight,72572,Broxbourne,
E07000095,allOther,698,Broxbourne,
E07000095,noAnswer,5470,Broxbourne,
E07000096,N/A,0,Dacorum,
E07000096,straight,112619,Dacorum,
E07000096,allOther,2931,Dacorum,
E07000096,noAnswer,8230,Dacorum,
E07000098,N/A,0,Hertsmere,
E07000098,straight,77939,Hertsmere,
E07000098,allOther,1809,Hertsmere,
E07000098,noAnswer,6445,Hertsmere,
E07000099,N/A,0,North Hertfordshire,
E07000099,straight,97811,North Hertfordshire,
E07000099,allOther,2941,North Hertfordshire,
E07000099,noAnswer,6990,North Hertfordshire,
E07000102,N/A,0,Three Rivers,
E07000102,straight,68658,Three Rivers,
E07000102,allOther,1415,Three Rivers,
E07000102,noAnswer,4930,Three Rivers,
E07000106,N/A,0,Canterbury,
E07000106,straight,116186,Canterbury,
E07000106,allOther,5947,Canterbury,
E07000106,noAnswer,10620,Canterbury,
E07000107,N/A,0,Dartford,
E07000107,straight,82718,Dartford,
E07000107,allOther,2046,Dartford,
E07000107,noAnswer,5934,Dartford,
E07000108,N/A,0,Dover,
E07000108,straight,86739,Dover,
E07000108,allOther,2867,Dover,
E07000108,noAnswer,6524,Dover,
E07000109,N/A,0,Gravesham,
E07000109,straight,76943,Gravesham,
E07000109,allOther,1991,Gravesham,
E07000109,noAnswer,5621,Gravesham,
E07000110,N/A,0,Maidstone,
E07000110,straight,129562,Maidstone,
E07000110,allOther,3421,Maidstone,
E07000110,noAnswer,9153,Maidstone,
E07000111,N/A,0,Sevenoaks,
E07000111,straight,88646,Sevenoaks,
E07000111,allOther,1824,Sevenoaks,
E07000111,noAnswer,6133,Sevenoaks,
E07000113,N/A,0,Swale,
E07000113,straight,111489,Swale,
E07000113,allOther,3232,Swale,
E07000113,noAnswer,7279,Swale,
E07000114,N/A,0,Thanet,
E07000114,straight,103415,Thanet,
E07000114,allOther,3869,Thanet,
E07000114,noAnswer,8133,Thanet,
E07000115,N/A,0,Tonbridge and Malling,
E07000115,straight,97074,Tonbridge and Malling,
E07000115,allOther,2154,Tonbridge and Malling,
E07000115,noAnswer,6298,Tonbridge and Malling,
E07000116,N/A,0,Tunbridge Wells,
E07000116,straight,83692,Tunbridge Wells,
E07000116,allOther,2321,Tunbridge Wells,
E07000116,noAnswer,6389,Tunbridge Wells,
E07000117,N/A,0,Burnley,
E07000117,straight,67539,Burnley,
E07000117,allOther,1951,Burnley,
E07000117,noAnswer,5709,Burnley,
E07000118,N/A,0,Chorley,
E07000118,straight,88330,Chorley,
E07000118,allOther,2398,Chorley,
E07000118,noAnswer,5641,Chorley,
E07000121,N/A,0,Lancaster,
E07000121,straight,105041,Lancaster,
E07000121,allOther,5198,Lancaster,
E07000121,noAnswer,9401,Lancaster,
E07000122,N/A,0,Pendle,
E07000122,straight,67188,Pendle,
E07000122,allOther,1586,Pendle,
E07000122,noAnswer,6448,Pendle,
E07000123,N/A,0,Preston,
E07000123,straight,105022,Preston,
E07000123,allOther,4493,Preston,
E07000123,noAnswer,9154,Preston,
E07000125,N/A,0,Rossendale,
E07000125,straight,52249,Rossendale,
E07000125,allOther,1440,Rossendale,
E07000125,noAnswer,3609,Rossendale,
E07000126,N/A,0,South Ribble,
E07000126,straight,84262,South Ribble,
E07000126,allOther,2185,South Ribble,
E07000126,noAnswer,5052,South Ribble,
E07000127,N/A,0,West Lancashire,
E07000127,straight,89277,West Lancashire,
E07000127,allOther,2758,West Lancashire,
E07000127,noAnswer,6288,West Lancashire,
E07000128,N/A,0,Wyre,
E07000128,straight,86350,Wyre,
E07000128,allOther,2244,Wyre,
E07000128,noAnswer,5757,Wyre,
E07000129,N/A,0,Blaby,
E07000129,straight,76694,Blaby,
E07000129,allOther,1895,Blaby,
E07000129,noAnswer,5077,Blaby,
E07000130,N/A,0,Charnwood,
E07000130,straight,137579,Charnwood,
E07000130,allOther,6482,Charnwood,
E07000130,noAnswer,11039,Charnwood,
E07000131,N/A,0,Harborough,
E07000131,straight,73899,Harborough,
E07000131,allOther,1824,Harborough,
E07000131,noAnswer,4845,Harborough,
E07000132,N/A,0,Hinckley and Bosworth,
E07000132,straight,86221,Hinckley and Bosworth,
E07000132,allOther,2165,Hinckley and Bosworth,
E07000132,noAnswer,5532,Hinckley and Bosworth,
E07000133,N/A,0,Melton,
E07000133,straight,39330,Melton,
E07000133,allOther,956,Melton,
E07000133,noAnswer,2657,Melton,
E07000134,N/A,0,North West Leicestershire,
E07000134,straight,78803,North West Leicestershire,
E07000134,allOther,2139,North West Leicestershire,
E07000134,noAnswer,5223,North West Leicestershire,
E07000135,N/A,0,Oadby and Wigston,
E07000135,straight,42558,Oadby and Wigston,
E07000135,allOther,970,Oadby and Wigston,
E07000135,noAnswer,3682,Oadby and Wigston,
E07000137,N/A,0,East Lindsey,
E07000137,straight,109121,East Lindsey,
E07000137,allOther,2701,East Lindsey,
E07000137,noAnswer,9596,East Lindsey,
E07000138,N/A,0,Lincoln,
E07000138,straight,73780,Lincoln,
E07000138,allOther,5524,Lincoln,
E07000138,noAnswer,7764,Lincoln,
E07000139,N/A,0,North Kesteven,
E07000139,straight,89493,North Kesteven,
E07000139,allOther,1232,North Kesteven,
E07000139,noAnswer,6290,North Kesteven,
E07000140,N/A,0,South Holland,
E07000140,straight,70520,South Holland,
E07000140,allOther,1566,South Holland,
E07000140,noAnswer,6911,South Holland,
E07000141,N/A,0,South Kesteven,
E07000141,straight,107682,South Kesteven,
E07000141,allOther,2607,South Kesteven,
E07000141,noAnswer,7722,South Kesteven,
E07000143,N/A,0,Breckland,
E07000143,straight,106301,Breckland,
E07000143,allOther,2761,Breckland,
E07000143,noAnswer,8790,Breckland,
E07000144,N/A,0,Broadland,
E07000144,straight,100942,Broadland,
E07000144,allOther,2450,Broadland,
E07000144,noAnswer,7111,Broadland,
E07000145,N/A,0,Great Yarmouth,
E07000145,straight,74017,Great Yarmouth,
E07000145,allOther,2252,Great Yarmouth,
E07000145,noAnswer,6450,Great Yarmouth,
E07000146,N/A,0,Kings Lynn and West Norfolk,
E07000146,straight,116071,Kings Lynn and West Norfolk,
E07000146,allOther,2917,Kings Lynn and West Norfolk,
E07000146,noAnswer,9904,Kings Lynn and West Norfolk,
E07000148,N/A,0,Norwich,
E07000148,straight,101477,Norwich,
E07000148,allOther,8843,Norwich,
E07000148,noAnswer,10443,Norwich,
E07000149,N/A,0,South Norfolk,
E07000149,straight,106656,South Norfolk,
E07000149,allOther,2876,South Norfolk,
E07000149,noAnswer,7687,South Norfolk,
E07000163,N/A,0,Craven,
E07000163,straight,44081,Craven,
E07000163,allOther,1032,Craven,
E07000163,noAnswer,3171,Craven,
E07000164,N/A,0,Hambleton,
E07000164,straight,70818,Hambleton,
E07000164,allOther,1392,Hambleton,
E07000164,noAnswer,4794,Hambleton,
E07000165,N/A,0,Harrogate,
E07000165,straight,122943,Harrogate,
E07000165,allOther,1985,Harrogate,
E07000165,noAnswer,9376,Harrogate,
E07000166,N/A,0,Richmondshire,
E07000166,straight,38420,Richmondshire,
E07000166,allOther,884,Richmondshire,
E07000166,noAnswer,2436,Richmondshire,
E07000167,N/A,0,Ryedale,
E07000167,straight,42164,Ryedale,
E07000167,allOther,918,Ryedale,
E07000167,noAnswer,3242,Ryedale,
E07000169,N/A,0,Selby,
E07000169,straight,69510,Selby,
E07000169,allOther,1583,Selby,
E07000169,noAnswer,4339,Selby,
E07000170,N/A,0,Ashfield,
E07000170,straight,93238,Ashfield,
E07000170,allOther,2641,Ashfield,
E07000170,noAnswer,6964,Ashfield,
E07000171,N/A,0,Bassetlaw,
E07000171,straight,88969,Bassetlaw,
E07000171,allOther,2084,Bassetlaw,
E07000171,noAnswer,6314,Bassetlaw,
E07000172,N/A,0,Broxtowe,
E07000172,straight,83457,Broxtowe,
E07000172,allOther,2917,Broxtowe,
E07000172,noAnswer,6166,Broxtowe,
E07000173,N/A,0,Gedling,
E07000173,straight,87931,Gedling,
E07000173,allOther,2605,Gedling,
E07000173,noAnswer,5923,Gedling,
E07000175,N/A,0,Newark and Sherwood,
E07000175,straight,92844,Newark and Sherwood,
E07000175,allOther,2592,Newark and Sherwood,
E07000175,noAnswer,6532,Newark and Sherwood,
E07000176,N/A,0,Rushcliffe,
E07000176,straight,89104,Rushcliffe,
E07000176,allOther,2647,Rushcliffe,
E07000176,noAnswer,5972,Rushcliffe,
E07000177,N/A,0,Cherwell,
E07000177,straight,117986,Cherwell,
E07000177,allOther,3724,Cherwell,
E07000177,noAnswer,8879,Cherwell,
E07000178,N/A,0,Oxford,
E07000178,straight,109859,Oxford,
E07000178,allOther,9447,Oxford,
E07000178,noAnswer,17411,Oxford,
E07000179,N/A,0,South Oxfordshire,
E07000179,straight,110653,South Oxfordshire,
E07000179,allOther,1830,South Oxfordshire,
E07000179,noAnswer,7948,South Oxfordshire,
E07000180,N/A,0,Vale of White Horse,
E07000180,straight,101920,Vale of White Horse,
E07000180,allOther,3037,Vale of White Horse,
E07000180,noAnswer,7470,Vale of White Horse,
E07000181,N/A,0,West Oxfordshire,
E07000181,straight,85888,West Oxfordshire,
E07000181,allOther,1330,West Oxfordshire,
E07000181,noAnswer,5591,West Oxfordshire,
E07000187,N/A,0,Mendip,
E07000187,straight,85790,Mendip,
E07000187,allOther,2572,Mendip,
E07000187,noAnswer,7689,Mendip,
E07000188,N/A,0,Sedgemoor,
E07000188,straight,93579,Sedgemoor,
E07000188,allOther,2642,Sedgemoor,
E07000188,noAnswer,7560,Sedgemoor,
E07000189,N/A,0,South Somerset,
E07000189,straight,129908,South Somerset,
E07000189,allOther,3249,South Somerset,
E07000189,noAnswer,10655,South Somerset,
E07000192,N/A,0,Cannock Chase,
E07000192,straight,75947,Cannock Chase,
E07000192,allOther,1967,Cannock Chase,
E07000192,noAnswer,4464,Cannock Chase,
E07000193,N/A,0,East Staffordshire,
E07000193,straight,90866,East Staffordshire,
E07000193,allOther,2419,East Staffordshire,
E07000193,noAnswer,7224,East Staffordshire,
E07000194,N/A,0,Lichfield,
E07000194,straight,81990,Lichfield,
E07000194,allOther,1868,Lichfield,
E07000194,noAnswer,4738,Lichfield,
E07000195,N/A,0,Newcastle-under-Lyme,
E07000195,straight,93169,Newcastle-under-Lyme,
E07000195,allOther,3075,Newcastle-under-Lyme,
E07000195,noAnswer,6939,Newcastle-under-Lyme,
E07000196,N/A,0,South Staffordshire,
E07000196,straight,86672,South Staffordshire,
E07000196,allOther,800,South Staffordshire,
E07000196,noAnswer,5100,South Staffordshire,
E07000197,N/A,0,Stafford,
E07000197,straight,103695,Stafford,
E07000197,allOther,3030,Stafford,
E07000197,noAnswer,7091,Stafford,
E07000199,N/A,0,Tamworth,
E07000199,straight,58751,Tamworth,
E07000199,allOther,1469,Tamworth,
E07000199,noAnswer,3573,Tamworth,
E07000200,N/A,0,Babergh,
E07000200,straight,70434,Babergh,
E07000200,allOther,1647,Babergh,
E07000200,noAnswer,5297,Babergh,
E07000203,N/A,0,Mid Suffolk,
E07000203,straight,79066,Mid Suffolk,
E07000203,allOther,2691,Mid Suffolk,
E07000203,noAnswer,5306,Mid Suffolk,
E07000207,N/A,0,Elmbridge,
E07000207,straight,99381,Elmbridge,
E07000207,allOther,2432,Elmbridge,
E07000207,noAnswer,7180,Elmbridge,
E07000208,N/A,0,Epsom and Ewell,
E07000208,straight,58730,Epsom and Ewell,
E07000208,allOther,1403,Epsom and Ewell,
E07000208,noAnswer,4474,Epsom and Ewell,
E07000209,N/A,0,Guildford,
E07000209,straight,106016,Guildford,
E07000209,allOther,4576,Guildford,
E07000209,noAnswer,9225,Guildford,
E07000210,N/A,0,Mole Valley,
E07000210,straight,66189,Mole Valley,
E07000210,allOther,1507,Mole Valley,
E07000210,noAnswer,4645,Mole Valley,
E07000211,N/A,0,Reigate and Banstead,
E07000211,straight,109322,Reigate and Banstead,
E07000211,allOther,2756,Reigate and Banstead,
E07000211,noAnswer,8051,Reigate and Banstead,
E07000212,N/A,0,Runnymede,
E07000212,straight,64392,Runnymede,
E07000212,allOther,2532,Runnymede,
E07000212,noAnswer,5797,Runnymede,
E07000213,N/A,0,Spelthorne,
E07000213,straight,75505,Spelthorne,
E07000213,allOther,1953,Spelthorne,
E07000213,noAnswer,5904,Spelthorne,
E07000215,N/A,0,Tandridge,
E07000215,straight,64718,Tandridge,
E07000215,allOther,1444,Tandridge,
E07000215,noAnswer,4664,Tandridge,
E07000216,N/A,0,Waverley,
E07000216,straight,94198,Waverley,
E07000216,allOther,2579,Waverley,
E07000216,noAnswer,6859,Waverley,
E07000217,N/A,0,Woking,
E07000217,straight,75426,Woking,
E07000217,allOther,2100,Woking,
E07000217,noAnswer,5456,Woking,
E07000218,N/A,0,North Warwickshire,
E07000218,straight,49554,North Warwickshire,
E07000218,allOther,1210,North Warwickshire,
E07000218,noAnswer,3134,North Warwickshire,
E07000219,N/A,0,Nuneaton and Bedworth,
E07000219,straight,98981,Nuneaton and Bedworth,
E07000219,allOther,2688,Nuneaton and Bedworth,
E07000219,noAnswer,6919,Nuneaton and Bedworth,
E07000220,N/A,0,Rugby,
E07000220,straight,83469,Rugby,
E07000220,allOther,2201,Rugby,
E07000220,noAnswer,6417,Rugby,
E07000221,N/A,0,Stratford-on-Avon,
E07000221,straight,103165,Stratford-on-Avon,
E07000221,allOther,2427,Stratford-on-Avon,
E07000221,noAnswer,7047,Stratford-on-Avon,
E07000222,N/A,0,Warwick,
E07000222,straight,110731,Warwick,
E07000222,allOther,4130,Warwick,
E07000222,noAnswer,8391,Warwick,
E07000223,N/A,0,Adur,
E07000223,straight,47736,Adur,
E07000223,allOther,1791,Adur,
E07000223,noAnswer,3426,Adur,
E07000224,N/A,0,Arun,
E07000224,straight,125990,Arun,
E07000224,allOther,3673,Arun,
E07000224,noAnswer,9888,Arun,
E07000225,N/A,0,Chichester,
E07000225,straight,94857,Chichester,
E07000225,allOther,2981,Chichester,
E07000225,noAnswer,6871,Chichester,
E07000226,N/A,0,Crawley,
E07000226,straight,84098,Crawley,
E07000226,allOther,1719,Crawley,
E07000226,noAnswer,6752,Crawley,
E07000227,N/A,0,Horsham,
E07000227,straight,110092,Horsham,
E07000227,allOther,2074,Horsham,
E07000227,noAnswer,7497,Horsham,
E07000228,N/A,0,Mid Sussex,
E07000228,straight,112276,Mid Sussex,
E07000228,allOther,2247,Mid Sussex,
E07000228,noAnswer,7792,Mid Sussex,
E07000229,N/A,0,Worthing,
E07000229,straight,81855,Worthing,
E07000229,allOther,2713,Worthing,
E07000229,noAnswer,6786,Worthing,
E07000234,N/A,0,Bromsgrove,
E07000234,straight,74613,Bromsgrove,
E07000234,allOther,1645,Bromsgrove,
E07000234,noAnswer,4840,Bromsgrove,
E07000235,N/A,0,Malvern Hills,
E07000235,straight,60981,Malvern Hills,
E07000235,allOther,1483,Malvern Hills,
E07000235,noAnswer,4656,Malvern Hills,
E07000236,N/A,0,Redditch,
E07000236,straight,64095,Redditch,
E07000236,allOther,1657,Redditch,
E07000236,noAnswer,4499,Redditch,
E07000237,N/A,0,Worcester,
E07000237,straight,76463,Worcester,
E07000237,allOther,3011,Worcester,
E07000237,noAnswer,6133,Worcester,
E07000238,N/A,0,Wychavon,
E07000238,straight,101636,Wychavon,
E07000238,allOther,2273,Wychavon,
E07000238,noAnswer,6809,Wychavon,
E07000239,N/A,0,Wyre Forest,
E07000239,straight,76797,Wyre Forest,
E07000239,allOther,1921,Wyre Forest,
E07000239,noAnswer,5845,Wyre Forest,
E07000240,N/A,0,St Albans,
E07000240,straight,105865,St Albans,
E07000240,allOther,2554,St Albans,
E07000240,noAnswer,7671,St Albans,
E07000241,N/A,0,Welwyn Hatfield,
E07000241,straight,87010,Welwyn Hatfield,
E07000241,allOther,2931,Welwyn Hatfield,
E07000241,noAnswer,7543,Welwyn Hatfield,
E07000242,N/A,0,East Hertfordshire,
E07000242,straight,110717,East Hertfordshire,
E07000242,allOther,2798,East Hertfordshire,
E07000242,noAnswer,7634,East Hertfordshire,
E07000243,N/A,0,Stevenage,
E07000243,straight,64574,Stevenage,
E07000243,allOther,1945,Stevenage,
E07000243,noAnswer,4717,Stevenage,
E07000244,N/A,0,East Suffolk,
E07000244,straight,186886,East Suffolk,
E07000244,allOther,4940,East Suffolk,
E07000244,noAnswer,14893,East Suffolk,
E07000245,N/A,0,West Suffolk,
E07000245,straight,133847,West Suffolk,
E07000245,allOther,3115,West Suffolk,
E07000245,noAnswer,10275,West Suffolk,
E07000246,N/A,0,Somerset West and Taunton,
E07000246,straight,118035,Somerset West and Taunton,
E07000246,allOther,3394,Somerset West and Taunton,
E07000246,noAnswer,9865,Somerset West and Taunton,
E08000002,N/A,0,Bury,
E08000002,straight,140309,Bury,
E08000002,allOther,4362,Bury,
E08000002,noAnswer,10202,Bury,
E08000003,N/A,0,Manchester,
E08000003,straight,370576,Manchester,
E08000003,allOther,29220,Manchester,
E08000003,noAnswer,38162,Manchester,
E08000004,N/A,0,Oldham,
E08000004,straight,169261,Oldham,
E08000004,allOther,4180,Oldham,
E08000004,noAnswer,13594,Oldham,
E08000005,N/A,0,Rochdale,
E08000005,straight,159265,Rochdale,
E08000005,allOther,2968,Rochdale,
E08000005,noAnswer,11711,Rochdale,
E08000006,N/A,0,Salford,
E08000006,straight,187446,Salford,
E08000006,allOther,12047,Salford,
E08000006,noAnswer,17230,Salford,
E08000007,N/A,0,Stockport,
E08000007,straight,217470,Stockport,
E08000007,allOther,6740,Stockport,
E08000007,noAnswer,14335,Stockport,
E08000008,N/A,0,Tameside,
E08000008,straight,168142,Tameside,
E08000008,allOther,6008,Tameside,
E08000008,noAnswer,10985,Tameside,
E08000009,N/A,0,Trafford,
E08000009,straight,169221,Trafford,
E08000009,allOther,4411,Trafford,
E08000009,noAnswer,11519,Trafford,
E08000010,N/A,0,Wigan,
E08000010,straight,247126,Wigan,
E08000010,allOther,6773,Wigan,
E08000010,noAnswer,14795,Wigan,
E08000011,N/A,0,Knowsley,
E08000011,straight,114338,Knowsley,
E08000011,allOther,2879,Knowsley,
E08000011,noAnswer,7082,Knowsley,
E08000012,N/A,0,Liverpool,
E08000012,straight,354781,Liverpool,
E08000012,allOther,17803,Liverpool,
E08000012,noAnswer,30444,Liverpool,
E08000013,N/A,0,St. Helens,
E08000013,straight,138290,St. Helens,
E08000013,allOther,3465,St. Helens,
E08000013,noAnswer,8217,St. Helens,
E08000014,N/A,0,Sefton,
E08000014,straight,212421,Sefton,
E08000014,allOther,5817,Sefton,
E08000014,noAnswer,14151,Sefton,
E08000015,N/A,0,Wirral,
E08000015,straight,237613,Wirral,
E08000015,allOther,6906,Wirral,
E08000015,noAnswer,15662,Wirral,
E08000016,N/A,0,Barnsley,
E08000016,straight,182948,Barnsley,
E08000016,allOther,5213,Barnsley,
E08000016,noAnswer,11638,Barnsley,
E08000017,N/A,0,Doncaster,
E08000017,straight,227960,Doncaster,
E08000017,allOther,6516,Doncaster,
E08000017,noAnswer,16449,Doncaster,
E08000018,N/A,0,Rotherham,
E08000018,straight,197506,Rotherham,
E08000018,allOther,5060,Rotherham,
E08000018,noAnswer,13007,Rotherham,
E08000021,N/A,0,Newcastle upon Tyne,
E08000021,straight,217008,Newcastle upon Tyne,
E08000021,allOther,12556,Newcastle upon Tyne,
E08000021,noAnswer,18886,Newcastle upon Tyne,
E08000022,N/A,0,North Tyneside,
E08000022,straight,157223,North Tyneside,
E08000022,allOther,5321,North Tyneside,
E08000022,noAnswer,8968,North Tyneside,
E08000023,N/A,0,South Tyneside,
E08000023,straight,111601,South Tyneside,
E08000023,allOther,3189,South Tyneside,
E08000023,noAnswer,6502,South Tyneside,
E08000024,N/A,0,Sunderland,
E08000024,straight,208166,Sunderland,
E08000024,allOther,5823,Sunderland,
E08000024,noAnswer,12082,Sunderland,
E08000025,N/A,0,Birmingham,
E08000025,straight,779054,Birmingham,
E08000025,allOther,26804,Birmingham,
E08000025,noAnswer,83766,Birmingham,
E08000026,N/A,0,Coventry,
E08000026,straight,243622,Coventry,
E08000026,allOther,8751,Coventry,
E08000026,noAnswer,24490,Coventry,
E08000027,N/A,0,Dudley,
E08000027,straight,238192,Dudley,
E08000027,allOther,5828,Dudley,
E08000027,noAnswer,18481,Dudley,
E08000028,N/A,0,Sandwell,
E08000028,straight,237544,Sandwell,
E08000028,allOther,6099,Sandwell,
E08000028,noAnswer,22385,Sandwell,
E08000029,N/A,0,Solihull,
E08000029,straight,160446,Solihull,
E08000029,allOther,3289,Solihull,
E08000029,noAnswer,10765,Solihull,
E08000030,N/A,0,Walsall,
E08000030,straight,201330,Walsall,
E08000030,allOther,4825,Walsall,
E08000030,noAnswer,16945,Walsall,
E08000031,N/A,0,Wolverhampton,
E08000031,straight,185921,Wolverhampton,
E08000031,allOther,5158,Wolverhampton,
E08000031,noAnswer,17363,Wolverhampton,
E08000032,N/A,0,Bradford,
E08000032,straight,374590,Bradford,
E08000032,allOther,10066,Bradford,
E08000032,noAnswer,36918,Bradford,
E08000033,N/A,0,Calderdale,
E08000033,straight,149815,Calderdale,
E08000033,allOther,5331,Calderdale,
E08000033,noAnswer,11488,Calderdale,
E08000034,N/A,0,Kirklees,
E08000034,straight,311501,Kirklees,
E08000034,allOther,9032,Kirklees,
E08000034,noAnswer,25742,Kirklees,
E08000035,N/A,0,Leeds,
E08000035,straight,582244,Leeds,
E08000035,allOther,27963,Leeds,
E08000035,noAnswer,48264,Leeds,
E08000036,N/A,0,Wakefield,
E08000036,straight,261615,Wakefield,
E08000036,allOther,7978,Wakefield,
E08000036,noAnswer,17945,Wakefield,
E08000037,N/A,0,Gateshead,
E08000037,straight,147379,Gateshead,
E08000037,allOther,5486,Gateshead,
E08000037,noAnswer,8874,Gateshead,
E09000001,N/A,0,City of London,
E09000001,straight,6348,City of London,
E09000001,allOther,826,City of London,
E09000001,noAnswer,830,City of London,
E09000002,N/A,0,Barking and Dagenham,
E09000002,straight,143275,Barking and Dagenham,
E09000002,allOther,4490,Barking and Dagenham,
E09000002,noAnswer,14780,Barking and Dagenham,
E09000003,N/A,0,Barnet,
E09000003,straight,269986,Barnet,
E09000003,allOther,8733,Barnet,
E09000003,noAnswer,30735,Barnet,
E09000004,N/A,0,Bexley,
E09000004,straight,178051,Bexley,
E09000004,allOther,4636,Bexley,
E09000004,noAnswer,13640,Bexley,
E09000005,N/A,0,Brent,
E09000005,straight,234151,Brent,
E09000005,allOther,8804,Brent,
E09000005,noAnswer,32188,Brent,
E09000006,N/A,0,Bromley,
E09000006,straight,238515,Bromley,
E09000006,allOther,7233,Bromley,
E09000006,noAnswer,19340,Bromley,
E09000007,N/A,0,Camden,
E09000007,straight,146868,Camden,
E09000007,allOther,12348,Camden,
E09000007,noAnswer,18692,Camden,
E09000008,N/A,0,Croydon,
E09000008,straight,272523,Croydon,
E09000008,allOther,9532,Croydon,
E09000008,noAnswer,28344,Croydon,
E09000009,N/A,0,Ealing,
E09000009,straight,254948,Ealing,
E09000009,allOther,9857,Ealing,
E09000009,noAnswer,30566,Ealing,
E09000010,N/A,0,Enfield,
E09000010,straight,226705,Enfield,
E09000010,allOther,5620,Enfield,
E09000010,noAnswer,24858,Enfield,
E09000011,N/A,0,Greenwich,
E09000011,straight,199766,Greenwich,
E09000011,allOther,10307,Greenwich,
E09000011,noAnswer,19674,Greenwich,
E09000013,N/A,0,Hammersmith and Fulham,
E09000013,straight,131392,Hammersmith and Fulham,
E09000013,allOther,8210,Hammersmith and Fulham,
E09000013,noAnswer,15015,Hammersmith and Fulham,
E09000014,N/A,0,Haringey,
E09000014,straight,180100,Haringey,
E09000014,allOther,12167,Haringey,
E09000014,noAnswer,23733,Haringey,
E09000015,N/A,0,Harrow,
E09000015,straight,182702,Harrow,
E09000015,allOther,4239,Harrow,
E09000015,noAnswer,22680,Harrow,
E09000016,N/A,0,Havering,
E09000016,straight,191007,Havering,
E09000016,allOther,4092,Havering,
E09000016,noAnswer,14631,Havering,
E09000017,N/A,0,Hillingdon,
E09000017,straight,215049,Hillingdon,
E09000017,allOther,5369,Hillingdon,
E09000017,noAnswer,21451,Hillingdon,
E09000018,N/A,0,Hounslow,
E09000018,straight,199334,Hounslow,
E09000018,allOther,6888,Hounslow,
E09000018,noAnswer,22459,Hounslow,
E09000019,N/A,0,Islington,
E09000019,straight,151195,Islington,
E09000019,allOther,14712,Islington,
E09000019,noAnswer,17719,Islington,
E09000020,N/A,0,Kensington and Chelsea,
E09000020,straight,104227,Kensington and Chelsea,
E09000020,allOther,5341,Kensington and Chelsea,
E09000020,noAnswer,13521,Kensington and Chelsea,
E09000021,N/A,0,Kingston upon Thames,
E09000021,straight,119304,Kingston upon Thames,
E09000021,allOther,4642,Kingston upon Thames,
E09000021,noAnswer,11518,Kingston upon Thames,
E09000022,N/A,0,Lambeth,
E09000022,straight,222348,Lambeth,
E09000022,allOther,22298,Lambeth,
E09000022,noAnswer,24398,Lambeth,
E09000023,N/A,0,Lewisham,
E09000023,straight,203913,Lewisham,
E09000023,allOther,14875,Lewisham,
E09000023,noAnswer,23623,Lewisham,
E09000024,N/A,0,Merton,
E09000024,straight,151063,Merton,
E09000024,allOther,5790,Merton,
E09000024,noAnswer,15921,Merton,
E09000025,N/A,0,Newham,
E09000025,straight,235493,Newham,
E09000025,allOther,11086,Newham,
E09000025,noAnswer,29594,Newham,
E09000026,N/A,0,Redbridge,
E09000026,straight,213103,Redbridge,
E09000026,allOther,6404,Redbridge,
E09000026,noAnswer,23518,Redbridge,
E09000027,N/A,0,Richmond upon Thames,
E09000027,straight,138752,Richmond upon Thames,
E09000027,allOther,5243,Richmond upon Thames,
E09000027,noAnswer,11845,Richmond upon Thames,
E09000028,N/A,0,Southwark,
E09000028,straight,211847,Southwark,
E09000028,allOther,20197,Southwark,
E09000028,noAnswer,23592,Southwark,
E09000029,N/A,0,Sutton,
E09000029,straight,149012,Sutton,
E09000029,allOther,3967,Sutton,
E09000029,noAnswer,12678,Sutton,
E09000030,N/A,0,Tower Hamlets,
E09000030,straight,210070,Tower Hamlets,
E09000030,allOther,17417,Tower Hamlets,
E09000030,noAnswer,24688,Tower Hamlets,
E09000031,N/A,0,Waltham Forest,
E09000031,straight,191049,Waltham Forest,
E09000031,allOther,10046,Waltham Forest,
E09000031,noAnswer,21087,Waltham Forest,
E09000032,N/A,0,Wandsworth,
E09000032,straight,236553,Wandsworth,
E09000032,allOther,14184,Wandsworth,
E09000032,noAnswer,22821,Wandsworth,
E09000033,N/A,0,Westminster,
E09000033,straight,147855,Westminster,
E09000033,allOther,9727,Westminster,
E09000033,noAnswer,19885,Westminster,
W06000001,N/A,0,Isle of Anglesey,
W06000001,straight,51430,Isle of Anglesey,
W06000001,allOther,1167,Isle of Anglesey,
W06000001,noAnswer,4552,Isle of Anglesey,
W06000002,N/A,0,Gwynedd,
W06000002,straight,85574,Gwynedd,
W06000002,allOther,2231,Gwynedd,
W06000002,noAnswer,9163,Gwynedd,
W06000003,N/A,0,Conwy,
W06000003,straight,85973,Conwy,
W06000003,allOther,2405,Conwy,
W06000003,noAnswer,7986,Conwy,
W06000004,N/A,0,Denbighshire,
W06000004,straight,70523,Denbighshire,
W06000004,allOther,1848,Denbighshire,
W06000004,noAnswer,6537,Denbighshire,
W06000005,N/A,0,Flintshire,
W06000005,straight,115441,Flintshire,
W06000005,allOther,2850,Flintshire,
W06000005,noAnswer,9287,Flintshire,
W06000006,N/A,0,Wrexham,
W06000006,straight,98828,Wrexham,
W06000006,allOther,2756,Wrexham,
W06000006,noAnswer,8690,Wrexham,
W06000008,N/A,0,Ceredigion,
W06000008,straight,51998,Ceredigion,
W06000008,allOther,2988,Ceredigion,
W06000008,noAnswer,6405,Ceredigion,
W06000009,N/A,0,Pembrokeshire,
W06000009,straight,92094,Pembrokeshire,
W06000009,allOther,2363,Pembrokeshire,
W06000009,noAnswer,8094,Pembrokeshire,
W06000010,N/A,0,Carmarthenshire,
W06000010,straight,139511,Carmarthenshire,
W06000010,allOther,3668,Carmarthenshire,
W06000010,noAnswer,12307,Carmarthenshire,
W06000011,N/A,0,Swansea,
W06000011,straight,175739,Swansea,
W06000011,allOther,6704,Swansea,
W06000011,noAnswer,15414,Swansea,
W06000012,N/A,0,Neath Port Talbot,
W06000012,straight,105148,Neath Port Talbot,
W06000012,allOther,3375,Neath Port Talbot,
W06000012,noAnswer,8732,Neath Port Talbot,
W06000013,N/A,0,Bridgend,
W06000013,straight,108771,Bridgend,
W06000013,allOther,2982,Bridgend,
W06000013,noAnswer,7729,Bridgend,
W06000014,N/A,0,Vale of Glamorgan,
W06000014,straight,97072,Vale of Glamorgan,
W06000014,allOther,4294,Vale of Glamorgan,
W06000014,noAnswer,7089,Vale of Glamorgan,
W06000015,N/A,0,Cardiff,
W06000015,straight,257826,Cardiff,
W06000015,allOther,15808,Cardiff,
W06000015,noAnswer,22679,Cardiff,
W06000016,N/A,0,Rhondda Cynon Taf,
W06000016,straight,174581,Rhondda Cynon Taf,
W06000016,allOther,5518,Rhondda Cynon Taf,
W06000016,noAnswer,13742,Rhondda Cynon Taf,
W06000018,N/A,0,Caerphilly,
W06000018,straight,130425,Caerphilly,
W06000018,allOther,3573,Caerphilly,
W06000018,noAnswer,9484,Caerphilly,
W06000019,N/A,0,Blaenau Gwent,
W06000019,straight,49953,Blaenau Gwent,
W06000019,allOther,1277,Blaenau Gwent,
W06000019,noAnswer,3914,Blaenau Gwent,
W06000020,N/A,0,Torfaen,
W06000020,straight,67893,Torfaen,
W06000020,allOther,1987,Torfaen,
W06000020,noAnswer,5233,Torfaen,
W06000021,N/A,0,Monmouthshire,
W06000021,straight,71025,Monmouthshire,
W06000021,allOther,1792,Monmouthshire,
W06000021,noAnswer,5423,Monmouthshire,
W06000022,N/A,0,Newport,
W06000022,straight,115026,Newport,
W06000022,allOther,3676,Newport,
W06000022,noAnswer,8721,Newport,
W06000023,N/A,0,Powys,
W06000023,straight,100163,Powys,
W06000023,allOther,2540,Powys,
W06000023,noAnswer,9832,Powys,
E06000007,N/A,0,Warrington,
E06000007,straight,158539,Warrington,
E06000007,allOther,5338,Warrington,
E06000007,noAnswer,9832,Warrington,
E06000008,N/A,0,Blackburn with Darwen,
E06000008,straight,107093,Blackburn with Darwen,
E06000008,allOther,2523,Blackburn with Darwen,
E06000008,noAnswer,9892,Blackburn with Darwen,
E06000009,N/A,0,Blackpool,
E06000009,straight,102898,Blackpool,
E06000009,allOther,5692,Blackpool,
E06000009,noAnswer,7749,Blackpool,
E06000010,N/A,0,Kingston upon Hull,
E06000010,straight,188281,Kingston upon Hull,
E06000010,allOther,8057,Kingston upon Hull,
E06000010,noAnswer,17539,Kingston upon Hull,
E06000013,N/A,0,North Lincolnshire,
E06000013,straight,126559,North Lincolnshire,
E06000013,allOther,3238,North Lincolnshire,
E06000013,noAnswer,9670,North Lincolnshire,
E06000016,N/A,0,Leicester,
E06000016,straight,250153,Leicester,
E06000016,allOther,10014,Leicester,
E06000016,noAnswer,30847,Leicester,
E06000022,N/A,0,Bath and North East Somerset,
E06000022,straight,142696,Bath and North East Somerset,
E06000022,allOther,6447,Bath and North East Somerset,
E06000022,noAnswer,12475,Bath and North East Somerset,
E06000025,N/A,0,South Gloucestershire,
E06000025,straight,215157,South Gloucestershire,
E06000025,allOther,6699,South Gloucestershire,
E06000025,noAnswer,15510,South Gloucestershire,
E06000030,N/A,0,Swindon,
E06000030,straight,168642,Swindon,
E06000030,allOther,5339,Swindon,
E06000030,noAnswer,13173,Swindon, 
E06000033,N/A,0,Southend-on-Sea,
E06000033,straight,131459,Southend-on-Sea,
E06000033,allOther,4726,Southend-on-Sea,
E06000033,noAnswer,10223,Southend-on-Sea,
E06000034,N/A,0,Thurrock,
E06000034,straight,124683,Thurrock,
E06000034,allOther,2726,Thurrock,
E06000034,noAnswer,8954,Thurrock,
E06000046,N/A,0,Isle of Wight,
E06000046,straight,106995,Isle of Wight,
E06000046,allOther,3285,Isle of Wight,
E06000046,noAnswer,9306,Isle of Wight,
E06000049,N/A,0,Cheshire East,
E06000049,straight,301391,Cheshire East,
E06000049,allOther,8102,Cheshire East,
E06000049,noAnswer,19981,Cheshire East,
E06000052,N/A,0,Cornwall,
E06000052,straight,426761,Cornwall,
E06000052,allOther,14136,Cornwall,
E06000052,noAnswer,36528,Cornwall,
E07000011,N/A,0,Huntingdonshire,
E07000011,straight,135126,Huntingdonshire,
E07000011,allOther,3937,Huntingdonshire,
E07000011,noAnswer,9198,Huntingdonshire,
E07000039,N/A,0,South Derbyshire,
E07000039,straight,79826,South Derbyshire,
E07000039,allOther,2040,South Derbyshire,
E07000039,noAnswer,5088,South Derbyshire,
E07000040,N/A,0,East Devon,
E07000040,straight,115356,East Devon,
E07000040,allOther,2879,East Devon,
E07000040,noAnswer,9152,East Devon,
E07000044,N/A,0,South Hams,
E07000044,straight,67712,South Hams,
E07000044,allOther,2060,South Hams,
E07000044,noAnswer,5397,South Hams,
E07000064,N/A,0,Rother,
E07000064,straight,71366,Rother,
E07000064,allOther,2032,Rother,
E07000064,noAnswer,6093,Rother,
E07000065,N/A,0,Wealden,
E07000065,straight,121460,Wealden,
E07000065,allOther,3064,Wealden,
E07000065,noAnswer,9124,Wealden,
E07000066,N/A,0,Basildon,
E07000066,straight,136332,Basildon,
E07000066,allOther,3056,Basildon,
E07000066,noAnswer,9275,Basildon,
E07000073,N/A,0,Harlow,
E07000073,straight,66413,Harlow,
E07000073,allOther,1794,Harlow,
E07000073,noAnswer,4896,Harlow,
E07000078,N/A,0,Cheltenham,
E07000078,straight,87790,Cheltenham,
E07000078,allOther,3836,Cheltenham,
E07000078,noAnswer,6810,Cheltenham,
E07000081,N/A,0,Gloucester,
E07000081,straight,96058,Gloucester,
E07000081,allOther,3315,Gloucester,
E07000081,noAnswer,7564,Gloucester,
E07000083,N/A,0,Tewkesbury,
E07000083,straight,70842,Tewkesbury,
E07000083,allOther,1709,Tewkesbury,
E07000083,noAnswer,4802,Tewkesbury,
E07000090,N/A,0,Havant,
E07000090,straight,94059,Havant,
E07000090,allOther,2467,Havant,
E07000090,noAnswer,6339,Havant,
E07000103,N/A,0,Watford,
E07000103,straight,72016,Watford,
E07000103,allOther,2188,Watford,
E07000103,noAnswer,6759,Watford,
E07000112,N/A,0,Folkestone and Hythe,
E07000112,straight,82894,Folkestone and Hythe,
E07000112,allOther,2563,Folkestone and Hythe,
E07000112,noAnswer,6098,Folkestone and Hythe,
E07000119,N/A,0,Fylde,
E07000119,straight,63551,Fylde,
E07000119,allOther,705,Fylde,
E07000119,noAnswer,3994,Fylde,
E07000120,N/A,0,Hyndburn,
E07000120,straight,59339,Hyndburn,
E07000120,allOther,772,Hyndburn,
E07000120,noAnswer,4712,Hyndburn,
E07000124,N/A,0,Ribble Valley,
E07000124,straight,47597,Ribble Valley,
E07000124,allOther,849,Ribble Valley,
E07000124,noAnswer,3016,Ribble Valley,
E07000136,N/A,0,Boston,
E07000136,straight,50755,Boston,
E07000136,allOther,1248,Boston,
E07000136,noAnswer,5581,Boston,
E07000142,N/A,0,West Lindsey,
E07000142,straight,72167,West Lindsey,
E07000142,allOther,1829,West Lindsey,
E07000142,noAnswer,5122,West Lindsey,
E07000147,N/A,0,North Norfolk,
E07000147,straight,79634,North Norfolk,
E07000147,allOther,1235,North Norfolk,
E07000147,noAnswer,7276,North Norfolk, 
E07000168,N/A,0,Scarborough,
E07000168,straight,82925,Scarborough,
E07000168,allOther,2515,Scarborough,
E07000168,noAnswer,6671,Scarborough,
E07000174,N/A,0,Mansfield,
E07000174,straight,81971,Mansfield,
E07000174,allOther,2405,Mansfield,
E07000174,noAnswer,5794,Mansfield,
E07000198,N/A,0,Staffordshire Moorlands,
E07000198,straight,74326,Staffordshire Moorlands,
E07000198,allOther,1434,Staffordshire Moorlands,
E07000198,noAnswer,5095,Staffordshire Moorlands,
E07000202,N/A,0,Ipswich,
E07000202,straight,99026,Ipswich,
E07000202,allOther,3092,Ipswich,
E07000202,noAnswer,8714,Ipswich,
E07000214,N/A,0,Surrey Heath,
E07000214,straight,67799,Surrey Heath,
E07000214,allOther,1520,Surrey Heath,
E07000214,noAnswer,4465,Surrey Heath,
E08000001,N/A,0,Bolton,
E08000001,straight,210665,Bolton,
E08000001,allOther,5694,Bolton,
E08000001,noAnswer,15931,Bolton,
E08000019,N/A,0,Sheffield,
E08000019,straight,401537,Sheffield,
E08000019,allOther,18824,Sheffield,
E08000019,noAnswer,35889,Sheffield,
E09000012,N/A,0,Hackney,
E09000012,straight,166695,Hackney,
E09000012,allOther,16389,Hackney,
E09000012,noAnswer,26384,Hackney,
E07000075,N/A,0,Rochford,
E07000075,straight,65692,Rochford,
E07000075,allOther,1139,Rochford,
E07000075,noAnswer,3880,Rochford,
E07000077,N/A,0,Uttlesford,
E07000077,straight,67689,Uttlesford,
E07000077,allOther,1453,Uttlesford,
E07000077,noAnswer,4379,Uttlesford,
E07000105,N/A,0,Ashford,
E07000105,straight,97030,Ashford,
E07000105,allOther,2775,Ashford,
E07000105,noAnswer,6964,Ashford,
W06000024,N/A,0,Merthyr Tydfil,
W06000024,straight,43637,Merthyr Tydfil,
W06000024,allOther,1130,Merthyr Tydfil,
W06000024,noAnswer,2910,Merthyr Tydfil,
